{
  "ReRoutes": [
    {
      "DownstreamPathTemplate": "/api/UserMaster/Register",
      "DownstreamScheme": "https",
      "DownstreamHostAndPorts": [
        {
          "Host": "localhost",
          "Port": 44366
        }
      ],
      "UpstreamPathTemplate": "/RegisterUser",
      "UpstreamHttpMethod": [ "POST", "PUT", "GET", "DELETE" ]
    },
    {
      "DownstreamPathTemplate": "/api/Auth/UserLogin",
      "DownstreamScheme": "https",
      "DownstreamHostAndPorts": [
        {
          "Host": "localhost",
          "Port": 44352
        }
      ],
      "UpstreamPathTemplate": "/UserLogin",
      "UpstreamHttpMethod": [ "POST", "PUT", "GET", "DELETE" ]
    },

    {
      "DownstreamPathTemplate": "/api/Hospitals",
      "DownstreamScheme": "https",
      "DownstreamHostAndPorts": [
        {
          "Host": "localhost",
          "Port": 44316
        }
      ],
      "UpstreamPathTemplate": "/GetAllHospitals",
      "UpstreamHttpMethod": [ "GET" ],
      "AuthenticationOptions": {
        "AuthenticationProviderKey": "Bearer",
        "AllowedScopes": []
      }
    }
  ]
}
